Designator,Mid X,Mid Y,Rotation,Layer
BTN_OPT_01,118.613,-50.4355,0.0,top
J1,96.600999,-74.898,0.0,top
J2,94.845,-124.87,90.0,top
J3,94.835,-105.24,90.0,top
J4,103.46,-50.504,0.0,top
R1,122.76,-110.99,270.0,top
R2,122.71,-122.19,270.0,top
SW_OPT_02,120.22,-63.06,180.0,top
SW_OPT_03,131.77,-63.07,180.0,top
U1,122.273949,-84.813,0.0,top
U2,123.07,-103.18725,0.0,top
